reported_name,accepted_name,species_name
Chamaecrista_absus,Chamaecrista_absus,Chamaecrista_absus
Chamaecrista_absus_var_absus,Chamaecrista_absus,Chamaecrista_absus
Chamaecrista_absus_var_meonandra,Chamaecrista_absus,Chamaecrista_absus
Chamaecrista_acicularis,Chamaecrista_acicularis,Chamaecrista_acicularis
Chamaecrista_acosmifolia,Chamaecrista_acosmifolia,Chamaecrista_acosmifolia
Chamaecrista_acosmifolia_var_acosmifolia,Chamaecrista_acosmifolia,Chamaecrista_acosmifolia
Chamaecrista_acosmifolia_var_euryloba,Chamaecrista_acosmifolia,Chamaecrista_acosmifolia
Chamaecrista_acosmifolia_var_oropedii,Chamaecrista_acosmifolia,Chamaecrista_acosmifolia
Chamaecrista_adamantina,Chamaecrista_adamantina,Chamaecrista_adamantina
Chamaecrista_adenophora,Chamaecrista_adenophora,Chamaecrista_adenophora
Chamaecrista_adenophylla,Chamaecrista_adenophylla,Chamaecrista_adenophylla
Chamaecrista_adiantifolia,Chamaecrista_adiantifolia,Chamaecrista_adiantifolia
Chamaecrista_adiantifolia_var_adiantifolia,Chamaecrista_adiantifolia_var_adiantifolia,Chamaecrista_adiantifolia
Chamaecrista_adiantifolia_var_pteridophylla,Chamaecrista_adiantifolia_var_pteridophylla,Chamaecrista_adiantifolia
Chamaecrista_africana,Chamaecrista_africana,Chamaecrista_africana
Chamaecrista_aiarana,Chamaecrista_aiarana,Chamaecrista_aiarana
Chamaecrista_aldabrensis,Chamaecrista_aldabrensis,Chamaecrista_aldabrensis
Chamaecrista_almanegra,Chamaecrista_almanegra,Chamaecrista_almanegra
Chamaecrista_altoana,Chamaecrista_altoana,Chamaecrista_altoana
Chamaecrista_amabilis,Chamaecrista_amabilis,Chamaecrista_amabilis
Chamaecrista_amambaya,Chamaecrista_amambaya,Chamaecrista_amambaya
Chamaecrista_amiciella,Chamaecrista_amiciella,Chamaecrista_amiciella
Chamaecrista_amorimii,Chamaecrista_amorimii,Chamaecrista_amorimii
Chamaecrista_anamariae,Chamaecrista_anamariae,Chamaecrista_anamariae
Chamaecrista_anceps,Chamaecrista_anceps,Chamaecrista_anceps
Chamaecrista_andersonii,Chamaecrista_andersonii,Chamaecrista_andersonii
Chamaecrista_andromedea,Chamaecrista_andromedea,Chamaecrista_andromedea
Chamaecrista_anfracta,Chamaecrista_anfracta,Chamaecrista_anfracta
Chamaecrista_ankaratrensis,Chamaecrista_ankaratrensis,Chamaecrista_ankaratrensis
Chamaecrista_apoucouita,Chamaecrista_apoucouita,Chamaecrista_apoucouita
Chamaecrista_arachiphylla,Chamaecrista_arachiphylla,Chamaecrista_arachiphylla
Chamaecrista_arboae,Chamaecrista_arboae,Chamaecrista_arboae
Chamaecrista_arenicola,Chamaecrista_arenicola,Chamaecrista_arenicola
Chamaecrista_arenicola_subsp_arenicola,Chamaecrista_arenicola_subsp_arenicola,Chamaecrista_arenicola
Chamaecrista_arenicola_subsp_dunensis,Chamaecrista_arenicola_subsp_dunensis,Chamaecrista_arenicola
Chamaecrista_aristata,Chamaecrista_aristata,Chamaecrista_aristata
Chamaecrista_arrojadoana,Chamaecrista_arrojadoana,Chamaecrista_arrojadoana
Chamaecrista_papillata,Chamaecrista_arrojadoana,Chamaecrista_arrojadoana
Chamaecrista_aspidiifolia,Chamaecrista_aspidiifolia,Chamaecrista_aspidiifolia
Chamaecrista_aspleniifolia,Chamaecrista_aspleniifolia,Chamaecrista_aspleniifolia
Chamaecrista_centiflora,Chamaecrista_astrochiton,Chamaecrista_astrochiton
Chamaecrista_atroglandulosa,Chamaecrista_atroglandulosa,Chamaecrista_atroglandulosa
Chamaecrista_auris-zerdae,Chamaecrista_auris-zerdae,Chamaecrista_auris-zerdae
Chamaecrista_aurivilla,Chamaecrista_aurivilla,Chamaecrista_aurivilla
Chamaecrista_axilliflora,Chamaecrista_axilliflora,Chamaecrista_axilliflora
Chamaecrista_azulana,Chamaecrista_azulana,Chamaecrista_azulana
Chamaecrista_bahiae,Chamaecrista_bahiae,Chamaecrista_bahiae
Chamaecrista_barbata,Chamaecrista_barbata,Chamaecrista_barbata
Chamaecrista_barnebyana,Chamaecrista_barnebyana,Chamaecrista_barnebyana
Chamaecrista_basifolia,Chamaecrista_basifolia,Chamaecrista_basifolia
Chamaecrista_belemii,Chamaecrista_belemii,Chamaecrista_belemii
Chamaecrista_belemii_var_belemii,Chamaecrista_belemii_var_belemii,Chamaecrista_belemii
Chamaecrista_belemii_var_paludicola,Chamaecrista_belemii_var_paludicola,Chamaecrista_belemii
Chamaecrista_bella,Chamaecrista_bella,Chamaecrista_bella
Chamaecrista_belladonna,Chamaecrista_belladonna,Chamaecrista_belladonna
Chamaecrista_benthamiana,Chamaecrista_benthamiana,Chamaecrista_benthamiana
Chamaecrista_benthamii,Chamaecrista_benthamii,Chamaecrista_benthamii
Chamaecrista_biddulphiana,Chamaecrista_biddulphiana,Chamaecrista_biddulphiana
Chamaecrista_biensis,Chamaecrista_biensis,Chamaecrista_biensis
Chamaecrista_bifoliola,Chamaecrista_bifoliola,Chamaecrista_bifoliola
Chamaecrista_bissei,Chamaecrista_bissei,Chamaecrista_bissei
Chamaecrista_blanchetii,Chamaecrista_blanchetii,Chamaecrista_blanchetii
Chamaecrista_cytisoides_var_blanchetii,Chamaecrista_blanchetii,Chamaecrista_blanchetii
Chamaecrista_botryoides,Chamaecrista_botryoides,Chamaecrista_botryoides
Chamaecrista_boyanii,Chamaecrista_boyanii,Chamaecrista_boyanii
Chamaecrista_brachyblepharis,Chamaecrista_brachyblepharis,Chamaecrista_brachyblepharis
Chamaecrista_brachyrachis,Chamaecrista_brachyrachis,Chamaecrista_brachyrachys
Chamaecrista_brachystachya,Chamaecrista_brachystachya,Chamaecrista_brachystachya
Chamaecrista_cytisoides_var_brachystachya,Chamaecrista_brachystachya,Chamaecrista_brachystachya
Chamaecrista_bracteolata,Chamaecrista_bracteolata,Chamaecrista_bracteolata
Chamaecrista_brevicalyx,Chamaecrista_brevicalyx,Chamaecrista_brevicalyx
Chamaecrista_brevicalyx_var_brevicalyx,Chamaecrista_brevicalyx,Chamaecrista_brevicalyx
Chamaecrista_brevicalyx_var_elliptica,Chamaecrista_brevicalyx,Chamaecrista_brevicalyx
Chamaecrista_brevifolia,Chamaecrista_brevifolia,Chamaecrista_brevifolia
Chamaecrista_brevifolia_var_brevifolia,Chamaecrista_brevifolia_var_brevifolia,Chamaecrista_brevifolia
Chamaecrista_brevifolia_var_glabra,Chamaecrista_brevifolia_var_glabra,Chamaecrista_brevifolia
Chamaecrista_bucherae,Chamaecrista_bucherae,Chamaecrista_bucherae
Chamaecrista_burchellii,Chamaecrista_burchellii,Chamaecrista_burchellii
Chamaecrista_caespitosa,Chamaecrista_caespitosa,Chamaecrista_caespitosa
Chamaecrista_caiapo,Chamaecrista_caiapo,Chamaecrista_caiapo
Chamaecrista_calixtana,Chamaecrista_calixtana,Chamaecrista_calixtana
Chamaecrista_calycioides,Chamaecrista_calycioides,Chamaecrista_calycioides
Chamaecrista_calycioides_var_calycioides,Chamaecrista_calycioides_var_calycioides,Chamaecrista_calycioides
Chamaecrista_aristellata,Chamaecrista_calycioides_var_calycioides,Chamaecrista_calycioides
Chamaecrista_calycioides_var_lentiformis,Chamaecrista_calycioides_var_lentiformis,Chamaecrista_calycioides
Chamaecrista_campestris,Chamaecrista_campestris,Chamaecrista_campestris
Chamaecrista_campicola,Chamaecrista_campicola,Chamaecrista_campicola
Chamaecrista_capensis,Chamaecrista_capensis,Chamaecrista_capensis
Chamaecrista_capensis_var_capensis,Chamaecrista_capensis_var_capensis,Chamaecrista_capensis
Chamaecrista_burmanni,Chamaecrista_capensis_var_capensis,Chamaecrista_capensis
Chamaecrista_capensis_var_flavescens,Chamaecrista_capensis_var_flavescens,Chamaecrista_capensis
Chamaecrista_caracensis,Chamaecrista_caracensis,Chamaecrista_caracensis
Chamaecrista_cardiostegia,Chamaecrista_cardiostegia,Chamaecrista_cardiostegia
Chamaecrista_caribaea,Chamaecrista_caribaea,Chamaecrista_caribaea
Chamaecrista_caribaea_var_caribaea,Chamaecrista_caribaea_var_caribaea,Chamaecrista_caribaea
Chamaecrista_caribaea_var_inaguensis,Chamaecrista_caribaea_var_inaguensis,Chamaecrista_caribaea
Chamaecrista_inaguensis,Chamaecrista_caribaea_var_inaguensis,Chamaecrista_caribaea
Chamaecrista_tortuensis,Chamaecrista_caribaea_var_inaguensis,Chamaecrista_caribaea
Chamaecrista_caribaea_var_lucayana,Chamaecrista_caribaea_var_lucayana,Chamaecrista_caribaea
Chamaecrista_lucayana,Chamaecrista_caribaea_var_lucayana,Chamaecrista_caribaea
Chamaecrista_carobinha,Chamaecrista_carobinha,Chamaecrista_carobinha
Chamaecrista_caspariifolia,Chamaecrista_caspariifolia,Chamaecrista_caspariifolia
Chamaecrista_catapodia,Chamaecrista_catapodia,Chamaecrista_catapodia
Chamaecrista_cathartica,Chamaecrista_cathartica,Chamaecrista_cathartica
Chamaecrista_cathartica_var_cathartica,Chamaecrista_cathartica_var_cathartica,Chamaecrista_cathartica
Chamaecrista_cathartica_var_paucijuga,Chamaecrista_cathartica_var_paucijuga,Chamaecrista_cathartica
Chamaecrista_catharticoides,Chamaecrista_catharticoides,Chamaecrista_catharticoides
Chamaecrista_catiarae,Chamaecrista_catiarae,Chamaecrista_catiarae
Chamaecrista_catolesensis,Chamaecrista_catolesensis,Chamaecrista_catolesensis
Chamaecrista_cavalcantina,Chamaecrista_cavalcantina,Chamaecrista_cavalcantina
Chamaecrista_celiae,Chamaecrista_celiae,Chamaecrista_celiae
Chamaecrista_orbiculata_var_cercidifolia,Chamaecrista_cercidifolia,Chamaecrista_cercidifolia
Chamaecrista_chaetostegia,Chamaecrista_chaetostegia,Chamaecrista_chaetostegia
Chamaecrista_chamaecristoides,Chamaecrista_chamaecristoides,Chamaecrista_chamaecristoides
Chamaecrista_chamaecristoides_var_brandegeei,Chamaecrista_chamaecristoides_var_brandegeei,Chamaecrista_chamaecristoides
Chamaecrista_brandegeei,Chamaecrista_chamaecristoides_var_brandegeei,Chamaecrista_chamaecristoides
Chamaecrista_chamaecristoides_var_chamaecristoides,Chamaecrista_chamaecristoides_var_chamaecristoides,Chamaecrista_chamaecristoides
Chamaecrista_cruziana,Chamaecrista_chamaecristoides_var_cruziana,Chamaecrista_chamaecristoides
Chamaecrista_chapadae,Chamaecrista_chapadae,Chamaecrista_chapadae
Chamaecrista_chiquitana,Chamaecrista_chiquitana,Chamaecrista_chiquitana
Chamaecrista_choriophylla,Chamaecrista_choriophylla,Chamaecrista_choriophylla
Chamaecrista_chrysosepala,Chamaecrista_chrysosepala,Chamaecrista_chrysosepala
Chamaecrista_ciliolata,Chamaecrista_ciliolata,Chamaecrista_ciliolata
Chamaecrista_ciliolata_var_caprina,Chamaecrista_ciliolata_var_caprina,Chamaecrista_ciliolata
Chamaecrista_ciliolata_var_ciliolata,Chamaecrista_ciliolata_var_ciliolata,Chamaecrista_ciliolata
Chamaecrista_ciliolata_var_pulchella,Chamaecrista_ciliolata_var_pulchella,Chamaecrista_ciliolata
Chamaecrista_cinerascens,Chamaecrista_cinerascens,Chamaecrista_cinerascens
Chamaecrista_claussenii,Chamaecrista_claussenii,Chamaecrista_claussenii
Chamaecrista_comosa,Chamaecrista_comosa,Chamaecrista_comosa
Chamaecrista_comosa_var_capricornia,Chamaecrista_comosa_subsp_capricornia,Chamaecrista_comosa
Chamaecrista_comosa_var_lanata,Chamaecrista_comosa_subsp_comosa,Chamaecrista_comosa
Chamaecrista_compitalis,Chamaecrista_compitalis,Chamaecrista_compitalis
Chamaecrista_concinna,Chamaecrista_concinna,Chamaecrista_concinna
Chamaecrista_conferta,Chamaecrista_conferta,Chamaecrista_conferta
Chamaecrista_conferta_var_conferta,Chamaecrista_conferta_var_conferta,Chamaecrista_conferta
Chamaecrista_conferta_var_machrisiana,Chamaecrista_conferta_var_machrisiana,Chamaecrista_conferta
Chamaecrista_conferta_var_simulans,Chamaecrista_conferta_var_simulans,Chamaecrista_conferta
Chamaecrista_conferta_var_virgata,Chamaecrista_conferta_var_virgata,Chamaecrista_conferta
Chamaecrista_confertiformis,Chamaecrista_confertiformis,Chamaecrista_confertiformis
Chamaecrista_cytisoides_var_confertiformis,Chamaecrista_confertiformis,Chamaecrista_confertiformis
Chamaecrista_coradinii,Chamaecrista_coradinii,Chamaecrista_coradinii
Chamaecrista_schlimii,Chamaecrista_cordistipula,Chamaecrista_cordistipula
Chamaecrista_coriacea,Chamaecrista_coriacea,Chamaecrista_coriacea
Chamaecrista_cotinifolia,Chamaecrista_cotinifolia,Chamaecrista_cotinifolia
Chamaecrista_cotinifolia_var_cotinifolia,Chamaecrista_cotinifolia_var_cotinifolia,Chamaecrista_cotinifolia
Chamaecrista_cotinifolia_var_glaberrima,Chamaecrista_cotinifolia_var_glaberrima,Chamaecrista_cotinifolia
Chamaecrista_cotinifolia_var_leptodictya,Chamaecrista_cotinifolia_var_leptodictya,Chamaecrista_cotinifolia
Chamaecrista_cotinifolia_var_percoriacea,Chamaecrista_cotinifolia_var_percoriacea,Chamaecrista_cotinifolia
Chamaecrista_crenulata,Chamaecrista_crenulata,Chamaecrista_crenulata
Chamaecrista_cristalinae,Chamaecrista_cristalinae,Chamaecrista_cristalinae
Chamaecrista_crommyotricha,Chamaecrista_crommyotricha,Chamaecrista_crommyotricha
Chamaecrista_cultrifolia,Chamaecrista_cultrifolia,Chamaecrista_cultrifolia
Chamaecrista_cupeyalensis,Chamaecrista_cupeyalensis,Chamaecrista_cupeyalensis
Chamaecrista_cuprea,Chamaecrista_cuprea,Chamaecrista_cuprea
Chamaecrista_claussenii_var_cyclophylla,Chamaecrista_cyclophylla,Chamaecrista_cyclophylla
Chamaecrista_cytisoides,Chamaecrista_cytisoides,Chamaecrista_cytisoides
Chamaecrista_cytisoides_var_cytisoides,Chamaecrista_cytisoides_var_cytisoides,Chamaecrista_cytisoides
Chamaecrista_cytisoides_var_micrantha,Chamaecrista_cytisoides_var_micrantha,Chamaecrista_cytisoides
Chamaecrista_dalbergiifolia,Chamaecrista_dalbergiifolia,Chamaecrista_dalbergiifolia
Chamaecrista_dawsonii,Chamaecrista_dawsonii,Chamaecrista_dawsonii
Chamaecrista_debilis,Chamaecrista_debilis,Chamaecrista_debilis
Chamaecrista_decora,Chamaecrista_decora,Chamaecrista_decora
Chamaecrista_cytisoides_var_decora,Chamaecrista_decora,Chamaecrista_decora
Chamaecrista_decrescens,Chamaecrista_decrescens,Chamaecrista_decrescens
Chamaecrista_decumbens,Chamaecrista_decumbens,Chamaecrista_decumbens
Chamaecrista_deeringiana,Chamaecrista_deeringiana,Chamaecrista_deeringiana
Chamaecrista_deltoidea,Chamaecrista_deltoidea,Chamaecrista_deltoidea
Chamaecrista_densifolia,Chamaecrista_densifolia,Chamaecrista_densifolia
Chamaecrista_dentata,Chamaecrista_dentata,Chamaecrista_dentata
Chamaecrista_depauperata,Chamaecrista_depauperata,Chamaecrista_depauperata
Chamaecrista_deserti,Chamaecrista_deserti,Chamaecrista_deserti
Chamaecrista_desertorum,Chamaecrista_desertorum,Chamaecrista_desertorum
Chamaecrista_desvauxii,Chamaecrista_desvauxii,Chamaecrista_desvauxii
Chamaecrista_tetraphylla,Chamaecrista_desvauxii,Chamaecrista_desvauxii
Chamaecrista_desvauxii_var_brevipes,Chamaecrista_desvauxii_var_brevipes,Chamaecrista_desvauxii
Chamaecrista_langsdorffii_var_brevipes,Chamaecrista_desvauxii_var_brevipes,Chamaecrista_desvauxii
Chamaecrista_brevipes,Chamaecrista_desvauxii_var_brevipes,Chamaecrista_desvauxii
Chamaecrista_desvauxii_var_chapadicola,Chamaecrista_desvauxii_var_chapadicola,Chamaecrista_desvauxii
Chamaecrista_langsdorffii_var_circumdata,Chamaecrista_desvauxii_var_circumdata,Chamaecrista_desvauxii
Chamaecrista_desvauxii_var_desvauxii,Chamaecrista_desvauxii_var_desvauxii,Chamaecrista_desvauxii
Chamaecrista_uniflora,Chamaecrista_desvauxii_var_desvauxii,Chamaecrista_desvauxii
Chamaecrista_linearis_var_graminea,Chamaecrista_desvauxii_var_graminea,Chamaecrista_desvauxii
Chamaecrista_desvauxii_var_latifolia,Chamaecrista_desvauxii_var_latifolia,Chamaecrista_desvauxii
Chamaecrista_desvauxii_var_malacophylla,Chamaecrista_desvauxii_var_malacophylla,Chamaecrista_desvauxii
Chamaecrista_desvauxii_var_modesta,Chamaecrista_desvauxii_var_modesta,Chamaecrista_desvauxii
Chamaecrista_linearis_var_modesta,Chamaecrista_desvauxii_var_modesta,Chamaecrista_desvauxii
Chamaecrista_desvauxii_var_mollissima,Chamaecrista_desvauxii_var_mollissima,Chamaecrista_desvauxii
Chamaecrista_madrensis,Chamaecrista_desvauxii_var_mollissima,Chamaecrista_desvauxii
Chamaecrista_persoonii,Chamaecrista_desvauxii_var_mollissima,Chamaecrista_desvauxii
Chamaecrista_pulchra,Chamaecrista_desvauxii_var_mollissima,Chamaecrista_desvauxii
Chamaecrista_desvauxii_var_peronadenia,Chamaecrista_desvauxii_var_peronadenia,Chamaecrista_desvauxii
Chamaecrista_langsdorffii_var_piptostegia,Chamaecrista_desvauxii_var_piptostegia,Chamaecrista_desvauxii
Chamaecrista_desvauxii_var_pirebebuiensis,Chamaecrista_desvauxii_var_pirebebuiensis,Chamaecrista_desvauxii
Chamaecrista_desvauxii_var_saxatilis,Chamaecrista_desvauxii_var_saxatilis,Chamaecrista_desvauxii
Chamaecrista_detonsa,Chamaecrista_detonsa,Chamaecrista_detonsa
Chamaecrista_setosa_var_detonsa,Chamaecrista_detonsa,Chamaecrista_detonsa
Chamaecrista_didyma,Chamaecrista_didyma,Chamaecrista_didyma
Chamaecrista_diphylla,Chamaecrista_diphylla,Chamaecrista_diphylla
Chamaecrista_distichoclada,Chamaecrista_distichoclada,Chamaecrista_distichoclada
Chamaecrista_duartei,Chamaecrista_duartei,Chamaecrista_duartei
Chamaecrista_duboisii,Chamaecrista_duboisii,Chamaecrista_duboisii
Chamaecrista_duckeana,Chamaecrista_duckeana,Chamaecrista_duckeana
Chamaecrista_dumalis,Chamaecrista_dumalis,Chamaecrista_dumalis
Chamaecrista_dumaziana,Chamaecrista_dumaziana,Chamaecrista_dumaziana
Chamaecrista_dunensis,Chamaecrista_dunensis,Chamaecrista_dunensis
Chamaecrista_kirkbridei,Chamaecrista_echinocarpa,Chamaecrista_echinocarpa
Chamaecrista_egleri,Chamaecrista_egleri,Chamaecrista_egleri
Chamaecrista_eitenorum,Chamaecrista_eitenorum,Chamaecrista_eitenorum
Chamaecrista_eitenorum_var_eitenorum,Chamaecrista_eitenorum_var_eitenorum,Chamaecrista_eitenorum
Chamaecrista_eitenorum_var_regana,Chamaecrista_eitenorum_var_regana,Chamaecrista_eitenorum
Chamaecrista_elachistophylla,Chamaecrista_elachistophylla,Chamaecrista_elachistophylla
Chamaecrista_elata,Chamaecrista_elata,Chamaecrista_elata
Chamaecrista_ensiformis,Chamaecrista_ensiformis,Chamaecrista_ensiformis
Chamaecrista_ensiformis_var_ensiformis,Chamaecrista_ensiformis_var_ensiformis,Chamaecrista_ensiformis
Chamaecrista_ensiformis_var_maranonica,Chamaecrista_ensiformis_var_maranonica,Chamaecrista_ensiformis
Chamaecrista_ensiformis_var_plurifoliolata,Chamaecrista_ensiformis_var_plurifoliolata,Chamaecrista_ensiformis
Chamaecrista_ericifolia,Chamaecrista_ericifolia,Chamaecrista_ericifolia
Chamaecrista_exigua,Chamaecrista_exigua,Chamaecrista_exigua
Chamaecrista_exigua_var_exigua,Chamaecrista_exigua_var_exigua,Chamaecrista_exigua
Chamaecrista_exigua_var_minor,Chamaecrista_exigua_var_minor,Chamaecrista_exigua
Chamaecrista_exilis,Chamaecrista_exilis,Chamaecrista_exilis
Chamaecrista_exsudans,Chamaecrista_exsudans,Chamaecrista_exsudans
Chamaecrista_amphibola_,Chamaecrista_exsudans,Chamaecrista_exsudans
Chamaecrista_ixodes_,Chamaecrista_exsudans,Chamaecrista_exsudans
Chamaecrista_fagonioides,Chamaecrista_fagonioides,Chamaecrista_fagonioides
Chamaecrista_fagonioides_var_fagonioides,Chamaecrista_fagonioides,Chamaecrista_fagonioides
Chamaecrista_fagonioides_var_macrocalyx,Chamaecrista_fagonioides,Chamaecrista_fagonioides
Chamaecrista_falcata,Chamaecrista_falcata,Chamaecrista_falcata
Chamaecrista_falcifoliolata,Chamaecrista_falcifoliolata,Chamaecrista_falcifoliolata
Chamaecrista_falcinella,Chamaecrista_falcinella,Chamaecrista_falcinella
Chamaecrista_falcinella_var_falcinella,Chamaecrista_falcinella_var_falcinella,Chamaecrista_falcinella
Chamaecrista_falcinella_var_intermedia,Chamaecrista_falcinella_var_intermedia,Chamaecrista_falcinella
Chamaecrista_falcinella_var_parviflora,Chamaecrista_falcinella_var_parviflora,Chamaecrista_falcinella
Chamaecrista_fallacina,Chamaecrista_fallacina,Chamaecrista_fallacina
Chamaecrista_fasciculata,Chamaecrista_fasciculata,Chamaecrista_fasciculata
Chamaecrista_bellula,Chamaecrista_fasciculata,Chamaecrista_fasciculata
Chamaecrista_brachiata,Chamaecrista_fasciculata,Chamaecrista_fasciculata
Chamaecrista_camporum,Chamaecrista_fasciculata,Chamaecrista_fasciculata
Chamaecrista_depressa,Chamaecrista_fasciculata,Chamaecrista_fasciculata
Chamaecrista_fasciculata_var_depressa,Chamaecrista_fasciculata,Chamaecrista_fasciculata
Chamaecrista_fasciculata_var_macrosperma,Chamaecrista_fasciculata,Chamaecrista_fasciculata
Chamaecrista_fasciculata_var_robusta,Chamaecrista_fasciculata,Chamaecrista_fasciculata
Chamaecrista_ferrisiae,Chamaecrista_fasciculata,Chamaecrista_fasciculata
Chamaecrista_littoralis,Chamaecrista_fasciculata,Chamaecrista_fasciculata
Chamaecrista_mississippiensisr,Chamaecrista_fasciculata,Chamaecrista_fasciculata
Chamaecrista_puberula,Chamaecrista_fasciculata,Chamaecrista_fasciculata
Chamaecrista_robustar,Chamaecrista_fasciculata,Chamaecrista_fasciculata
Chamaecrista_rostrata,Chamaecrista_fasciculata,Chamaecrista_fasciculata
Chamaecrista_tracyi,Chamaecrista_fasciculata,Chamaecrista_fasciculata
Chamaecrista_chamaecrista,Chamaecrista_fasciculata,Chamaecrista_fasciculata
Chamaecrista_feliciana,Chamaecrista_feliciana,Chamaecrista_feliciana
Chamaecrista_fenarolii,Chamaecrista_fenarolii,Chamaecrista_fenarolii
Chamaecrista_filicifolia,Chamaecrista_filicifolia,Chamaecrista_filicifolia
Chamaecrista_flammata,Chamaecrista_flammata,Chamaecrista_flammata
Chamaecrista_flexuosa,Chamaecrista_flexuosa,Chamaecrista_flexuosa
Chamaecrista_flexuosa_var_flexuosa,Chamaecrista_flexuosa_var_flexuosa,Chamaecrista_flexuosa
Chamaecrista_amplistipulata,Chamaecrista_flexuosa_var_flexuosa,Chamaecrista_flexuosa
Chamaecrista_flexuosa_var_texana,Chamaecrista_flexuosa_var_texana,Chamaecrista_flexuosa
Chamaecrista_texana,Chamaecrista_flexuosa_var_texana,Chamaecrista_flexuosa
Chamaecrista_floribunda,Chamaecrista_floribunda,Chamaecrista_floribunda
Chamaecrista_fodinarum,Chamaecrista_fodinarum,Chamaecrista_fodinarum
Chamaecrista_foederalis,Chamaecrista_foederalis,Chamaecrista_foederalis
Chamaecrista_forzzae,Chamaecrista_forzzae,Chamaecrista_forzzae
Chamaecrista_fragilis,Chamaecrista_fragilis,Chamaecrista_fragilis
Chamaecrista_frondosa,Chamaecrista_frondosa,Chamaecrista_frondosa
Chamaecrista_fulgida,Chamaecrista_fulgida,Chamaecrista_fulgida
Chamaecrista_fuscescens,Chamaecrista_fuscescens,Chamaecrista_fuscescens
Chamaecrista_garambiensis,Chamaecrista_garambiensis,Chamaecrista_garambiensis
Chamaecrista_geminata,Chamaecrista_geminata,Chamaecrista_geminata
Chamaecrista_geraldii,Chamaecrista_geraldii,Chamaecrista_geraldii
Chamaecrista_ghesquiereana,Chamaecrista_ghesquiereana,Chamaecrista_ghesquiereana
Chamaecrista_gilliesii,Chamaecrista_gilliesii,Chamaecrista_gilliesii
Chamaecrista_glandulosa,Chamaecrista_glandulosa,Chamaecrista_glandulosa
Chamaecrista_glandulosa_var_andicola,Chamaecrista_glandulosa_var_andicola,Chamaecrista_glandulosa
Chamaecrista_glandulosa_var_andreana,Chamaecrista_glandulosa_var_andreana,Chamaecrista_glandulosa
Chamaecrista_andreana,Chamaecrista_glandulosa_var_andreana,Chamaecrista_glandulosa
Chamaecrista_pennellii,Chamaecrista_glandulosa_var_andreana,Chamaecrista_glandulosa
Chamaecrista_glandulosa_var_balsasana,Chamaecrista_glandulosa_var_balsasana,Chamaecrista_glandulosa
Chamaecrista_glandulosa_var_brasiliensis,Chamaecrista_glandulosa_var_brasiliensis,Chamaecrista_glandulosa
Chamaecrista_baileyorum,Chamaecrista_glandulosa_var_brasiliensis,Chamaecrista_glandulosa
Chamaecrista_glandulosa_var_crystallina,Chamaecrista_glandulosa_var_crystallina,Chamaecrista_glandulosa
Chamaecrista_glandulosa_var_flavicoma,Chamaecrista_glandulosa_var_flavicoma,Chamaecrista_glandulosa
Chamaecrista_arborescens,Chamaecrista_glandulosa_var_flavicoma,Chamaecrista_glandulosa
Chamaecrista_dendrina,Chamaecrista_glandulosa_var_flavicoma,Chamaecrista_glandulosa
Chamaecrista_flavicoma,Chamaecrista_glandulosa_var_flavicoma,Chamaecrista_glandulosa
Chamaecrista_yucatana,Chamaecrista_glandulosa_var_flavicoma,Chamaecrista_glandulosa
Chamaecrista_glandulosa_var_glandulosa,Chamaecrista_glandulosa_var_glandulosa,Chamaecrista_glandulosa
Chamaecrista_cowellii,Chamaecrista_glandulosa_var_glandulosa,Chamaecrista_glandulosa
Chamaecrista_glandulosa_var_ramosa,Chamaecrista_glandulosa_var_glandulosa,Chamaecrista_glandulosa
Chamaecrista_virgata,Chamaecrista_glandulosa_var_glandulosa,Chamaecrista_glandulosa
Chamaecrista_glandulosa_var_mirabilis,Chamaecrista_glandulosa_var_mirabilis,Chamaecrista_glandulosa
Chamaecrista_mirabilis,Chamaecrista_glandulosa_var_mirabilis,Chamaecrista_glandulosa
Chamaecrista_glandulosa_var_parralensis,Chamaecrista_glandulosa_var_parralensis,Chamaecrista_glandulosa
Chamaecrista_goldmanii,Chamaecrista_glandulosa_var_parralensis,Chamaecrista_glandulosa
Chamaecrista_glandulosa_var_pinetorum,Chamaecrista_glandulosa_var_pinetorum,Chamaecrista_glandulosa
Chamaecrista_cahosiana_,Chamaecrista_glandulosa_var_pinetorum,Chamaecrista_glandulosa
Chamaecrista_glandulosa_var_picardae,Chamaecrista_glandulosa_var_pinetorum,Chamaecrista_glandulosa
Chamaecrista_pinetorum,Chamaecrista_glandulosa_var_pinetorum,Chamaecrista_glandulosa
Chamaecrista_selleana,Chamaecrista_glandulosa_var_pinetorum,Chamaecrista_glandulosa
Chamaecrista_glandulosa_var_rapidarum,Chamaecrista_glandulosa_var_rapidarum,Chamaecrista_glandulosa
Chamaecrista_glandulosa_var_swartzii,Chamaecrista_glandulosa_var_swartzii,Chamaecrista_glandulosa
Chamaecrista_complexaex,Chamaecrista_glandulosa_var_swartzii,Chamaecrista_glandulosa
Chamaecrista_polyadena,Chamaecrista_glandulosa_var_swartzii,Chamaecrista_glandulosa
Chamaecrista_swartzii,Chamaecrista_glandulosa_var_swartzii,Chamaecrista_glandulosa
Chamaecrista_glandulosa_var_tristicula,Chamaecrista_glandulosa_var_tristicula,Chamaecrista_glandulosa
Chamaecrista_tristicula,Chamaecrista_glandulosa_var_tristicula,Chamaecrista_glandulosa
Chamaecrista_glaucofilix,Chamaecrista_glaucofilix,Chamaecrista_glaucofilix
Chamaecrista_glaziovii,Chamaecrista_glaziovii,Chamaecrista_glaziovii
Chamaecrista_glischrodes,Chamaecrista_glischrodes,Chamaecrista_glischrodes
Chamaecrista_gonoclada,Chamaecrista_gonoclada,Chamaecrista_gonoclada
Chamaecrista_gordon-grayae,Chamaecrista_gordon-grayae,Chamaecrista_gordon-grayae
Chamaecrista_gordon-grayae_subsp_gordon-grayae,Chamaecrista_gordon-grayae_subsp_gordon-grayae,Chamaecrista_gordon-grayae
Chamaecrista_gordon-grayae_subsp_longipedicellata,Chamaecrista_gordon-grayae_subsp_longipedicellata,Chamaecrista_gordon-grayae
Chamaecrista_gracilior,Chamaecrista_gracilior,Chamaecrista_gracilior
Chamaecrista_desvauxii_var_triumviralis,Chamaecrista_gracilis,Chamaecrista_gracilis
Chamaecrista_triumviralis,Chamaecrista_gracilis,Chamaecrista_gracilis
Chamaecrista_grandiglandulata,Chamaecrista_grandiglandulata,Chamaecrista_grandiglandulata
Chamaecrista_grantii,Chamaecrista_grantii,Chamaecrista_grantii
Chamaecrista_greggii,Chamaecrista_greggii,Chamaecrista_greggii
Chamaecrista_greggii_var_greggii,Chamaecrista_greggii_var_greggii,Chamaecrista_greggii
Chamaecrista_greggii_var_macdougaliana,Chamaecrista_greggii_var_macdougaliana,Chamaecrista_greggii
Chamaecrista_macdougaliana,Chamaecrista_greggii_var_macdougaliana,Chamaecrista_greggii
Chamaecrista_greggii_var_potosina,Chamaecrista_greggii_var_potosina,Chamaecrista_greggii
Chamaecrista_potosina,Chamaecrista_greggii_var_potosina,Chamaecrista_greggii
Chamaecrista_grisea,Chamaecrista_grisea,Chamaecrista_grisea
Chamaecrista_guanensis,Chamaecrista_guanensis,Chamaecrista_guanensis
Chamaecrista_gumminans,Chamaecrista_gumminans,Chamaecrista_gumminans
Chamaecrista_gymnothyrsa,Chamaecrista_gymnothyrsa,Chamaecrista_gymnothyrsa
Chamaecrista_harmsiana,Chamaecrista_harmsiana,Chamaecrista_harmsiana
Chamaecrista_hassleri,Chamaecrista_hassleri,Chamaecrista_hassleri
Chamaecrista_hatschbachii,Chamaecrista_hatschbachii,Chamaecrista_hatschbachii
Chamaecrista_hedysaroides,Chamaecrista_hedysaroides,Chamaecrista_hedysaroides
Chamaecrista_herpestia,Chamaecrista_herpestia,Chamaecrista_herpestia
Chamaecrista_hildebrandtii,Chamaecrista_hildebrandtii,Chamaecrista_hildebrandtii
Chamaecrista_hispidula,Chamaecrista_hispidula,Chamaecrista_hispidula
Chamaecrista_horizontalis,Chamaecrista_horizontalis,Chamaecrista_horizontalis
Chamaecrista_howardii,Chamaecrista_howardii,Chamaecrista_howardii
Chamaecrista_huillensis,Chamaecrista_huillensis,Chamaecrista_huillensis
Chamaecrista_huntii,Chamaecrista_huntii,Chamaecrista_huntii
Chamaecrista_huntii_var_correntina,Chamaecrista_huntii_var_correntina,Chamaecrista_huntii
Chamaecrista_huntii_var_huntii,Chamaecrista_huntii_var_huntii,Chamaecrista_huntii
Chamaecrista_hymenaeifolia,Chamaecrista_hymenaeifolia,Chamaecrista_hymenaeifolia
Chamaecrista_imbricans,Chamaecrista_imbricans,Chamaecrista_imbricans
Chamaecrista_incana,Chamaecrista_incana,Chamaecrista_incana
Chamaecrista_incurvata,Chamaecrista_incurvata,Chamaecrista_incurvata
Chamaecrista_incurvata_var_incurvata,Chamaecrista_incurvata_var_incurvata,Chamaecrista_incurvata
Chamaecrista_incurvata_var_zanclodes,Chamaecrista_incurvata_var_zanclodes,Chamaecrista_incurvata
Chamaecrista_ipanorensis,Chamaecrista_ipanorensis,Chamaecrista_ipanorensis
Chamaecrista_irwiniana,Chamaecrista_irwiniana,Chamaecrista_irwiniana
Chamaecrista_isidorea,Chamaecrista_isidorea,Chamaecrista_isidorea
Chamaecrista_itabiritoana,Chamaecrista_itabiritoana,Chamaecrista_itabiritoana
Chamaecrista_itambana,Chamaecrista_itambana,Chamaecrista_itambana
Chamaecrista_jacobinea,Chamaecrista_jacobinea,Chamaecrista_jacobinea
Chamaecrista_jaegeri,Chamaecrista_jaegeri,Chamaecrista_jaegeri
Chamaecrista_juruenensis,Chamaecrista_juruenensis,Chamaecrista_juruenensis
Chamaecrista_conferta_var_gurgueiana,Chamaecrista_juruenensis,Chamaecrista_juruenensis
Chamaecrista_kalulensis,Chamaecrista_kalulensis,Chamaecrista_kalulensis
Chamaecrista_katangensis,Chamaecrista_katangensis,Chamaecrista_katangensis
Chamaecrista_katangensis_var_katangensis,Chamaecrista_katangensis_var_katangensis,Chamaecrista_katangensis
Chamaecrista_katangensis_var_nuda,Chamaecrista_katangensis_var_nuda,Chamaecrista_katangensis
Chamaecrista_kirkii,Chamaecrista_kirkii,Chamaecrista_kirkii
Chamaecrista_kirkii_var_glabra,Chamaecrista_kirkii_var_glabra,Chamaecrista_kirkii
Chamaecrista_kirkii_var_guineensis,Chamaecrista_kirkii_var_guineensis,Chamaecrista_kirkii
Chamaecrista_kirkii_var_kirkii,Chamaecrista_kirkii_var_kirkii,Chamaecrista_kirkii
Chamaecrista_kleinii,Chamaecrista_kleinii,Chamaecrista_kleinii
Chamaecrista_kolabensis,Chamaecrista_kolabensis,Chamaecrista_kolabensis
Chamaecrista_kunthiana,Chamaecrista_kunthiana,Chamaecrista_kunthiana
Chamaecrista_labouriaeae,Chamaecrista_labouriaeae,Chamaecrista_labouriaeae
Chamaecrista_lagotois,Chamaecrista_lagotois,Chamaecrista_lagotois
Chamaecrista_lamprosperma,Chamaecrista_lamprosperma,Chamaecrista_lamprosperma
Chamaecrista_langsdorffii,Chamaecrista_langsdorffii,Chamaecrista_langsdorffii
Chamaecrista_desvauxii_var_langsdorffii,Chamaecrista_langsdorffii,Chamaecrista_langsdorffii
Chamaecrista_lehmannii,Chamaecrista_langsdorffii,Chamaecrista_langsdorffii
Chamaecrista_lateriticola,Chamaecrista_lateriticola,Chamaecrista_lateriticola
Chamaecrista_latifolia,Chamaecrista_latifolia,Chamaecrista_latifolia
Chamaecrista_choriophylla_var_latifolia,Chamaecrista_latifolia,Chamaecrista_latifolia
Chamaecrista_latistipula,Chamaecrista_latistipula,Chamaecrista_latistipula
Chamaecrista_desvauxii_var_latistipula,Chamaecrista_desvauxii_var_latistipula,Chamaecrista_latistipula
Chamaecrista_desvauxii_var_glauca,Chamaecrista_desvauxii_var_latistipula,Chamaecrista_latistipula
Chamaecrista_lavradiiflora,Chamaecrista_lavradiiflora,Chamaecrista_lavradiiflora
Chamaecrista_lavradioides,Chamaecrista_lavradioides,Chamaecrista_lavradioides
Chamaecrista_lentiscifolia,Chamaecrista_lentiscifolia,Chamaecrista_lentiscifolia
Chamaecrista_leptadenia,Chamaecrista_leptadenia,Chamaecrista_leptadenia
Chamaecrista_auricoma,Chamaecrista_leschenaultiana,Chamaecrista_leschenaultiana
Chamaecrista_leucopilis,Chamaecrista_leucopilis,Chamaecrista_leucopilis
Chamaecrista_linearifolia,Chamaecrista_linearifolia,Chamaecrista_linearifolia
Chamaecrista_linearifolia_var_bradei,Chamaecrista_linearifolia_var_bradei,Chamaecrista_linearifolia
Chamaecrista_linearifolia_var_latifolia,Chamaecrista_linearifolia_var_latifolia,Chamaecrista_linearifolia
Chamaecrista_linearifolia_var_linearifolia,Chamaecrista_linearifolia_var_linearifolia,Chamaecrista_linearifolia
Chamaecrista_linearis,Chamaecrista_linearis,Chamaecrista_linearis
Chamaecrista_desvauxii_var_linearis,Chamaecrista_linearis,Chamaecrista_linearis
Chamaecrista_lineata,Chamaecrista_lineata,Chamaecrista_lineata
Chamaecrista_lineata_var_arduinervis,Chamaecrista_lineata_var_arduinervis,Chamaecrista_lineata
Chamaecrista_arduinervis,Chamaecrista_lineata_var_arduinervis,Chamaecrista_lineata
Chamaecrista_hioramii,Chamaecrista_lineata_var_arduinervis,Chamaecrista_lineata
Chamaecrista_lineata_var_brevipila,Chamaecrista_lineata_var_arduinervis,Chamaecrista_lineata
Chamaecrista_lineata_var_banesensis,Chamaecrista_lineata_var_banesensis,Chamaecrista_lineata
Chamaecrista_lineata_var_brachyloba,Chamaecrista_lineata_var_brachyloba,Chamaecrista_lineata
Chamaecrista_grammica,Chamaecrista_lineata_var_brachyloba,Chamaecrista_lineata
Chamaecrista_granulata,Chamaecrista_lineata_var_brachyloba,Chamaecrista_lineata
Chamaecrista_portoricensis_var_granulata,Chamaecrista_lineata_var_brachyloba,Chamaecrista_lineata
Chamaecrista_lineata_var_iniasensis,Chamaecrista_lineata_var_iniasensis,Chamaecrista_lineata
Chamaecrista_jamaicensis,Chamaecrista_lineata_var_jamaicensis,Chamaecrista_lineata
Chamaecrista_lineata_var_keyensis,Chamaecrista_lineata_var_keyensis,Chamaecrista_lineata
Chamaecrista_keyensis,Chamaecrista_lineata_var_keyensis,Chamaecrista_lineata
Chamaecrista_lineata_var_lineata,Chamaecrista_lineata_var_lineata,Chamaecrista_lineata
Chamaecrista_clarensis,Chamaecrista_lineata_var_lineata,Chamaecrista_lineata
Chamaecrista_cuneata,Chamaecrista_lineata_var_lineata,Chamaecrista_lineata
Chamaecrista_lineata_var_clarensis,Chamaecrista_lineata_var_lineata,Chamaecrista_lineata
Chamaecrista_lineata_var_niqueroensis,Chamaecrista_lineata_var_lineata,Chamaecrista_lineata
Chamaecrista_niqueroensis,Chamaecrista_lineata_var_lineata,Chamaecrista_lineata
Chamaecrista_lineata_var_maestrensis,Chamaecrista_lineata_var_maestrensis,Chamaecrista_lineata
Chamaecrista_lineata_var_pinoi,Chamaecrista_lineata_var_pinoi,Chamaecrista_lineata
Chamaecrista_pinoi,Chamaecrista_lineata_var_pinoi,Chamaecrista_lineata
Chamaecrista_lineata_var_trifoliata,Chamaecrista_lineata_var_trifoliata,Chamaecrista_lineata
Chamaecrista_lomatopoda,Chamaecrista_lomatopoda,Chamaecrista_lomatopoda
Chamaecrista_longicuspis,Chamaecrista_longicuspis,Chamaecrista_longicuspis
Chamaecrista_longipes,Chamaecrista_longipes,Chamaecrista_longipes
Chamaecrista_longistyla,Chamaecrista_longistyla,Chamaecrista_longistyla
Chamaecrista_lundii,Chamaecrista_lundii,Chamaecrista_lundii
Chamaecrista_macambensis,Chamaecrista_macambensis,Chamaecrista_macambensis
Chamaecrista_macambensis_var_macambensis,Chamaecrista_macambensis_var_macambensis,Chamaecrista_macambensis
Chamaecrista_macambensis_var_pubescens,Chamaecrista_macambensis_var_pubescens,Chamaecrista_macambensis
Chamaecrista_macedoi,Chamaecrista_macedoi,Chamaecrista_macedoi
Chamaecrista_machaeriifolia,Chamaecrista_machaeriifolia,Chamaecrista_machaeriifolia
Chamaecrista_marianensis,Chamaecrista_marianensis,Chamaecrista_marianensis
Chamaecrista_maritima,Chamaecrista_maritima,Chamaecrista_maritima
Chamaecrista_meelii,Chamaecrista_meelii,Chamaecrista_meelii
Chamaecrista_claussenii_var_megacycla,Chamaecrista_megacycla,Chamaecrista_megacycla
Chamaecrista_microsenna,Chamaecrista_microsenna,Chamaecrista_microsenna
Chamaecrista_mimosoides,Chamaecrista_mimosoides,Chamaecrista_mimosoides
Chamaecrista_angustissima,Chamaecrista_mimosoides,Chamaecrista_mimosoides
Chamaecrista_hecatophylla,Chamaecrista_mimosoides,Chamaecrista_mimosoides
Chamaecrista_mindanaensis,Chamaecrista_mindanaensis,Chamaecrista_mindanaensis
Chamaecrista_molinae,Chamaecrista_molinae,Chamaecrista_molinae
Chamaecrista_mollicaulis,Chamaecrista_mollicaulis,Chamaecrista_mollicaulis
Chamaecrista_monticola,Chamaecrista_monticola,Chamaecrista_monticola
Chamaecrista_moorei,Chamaecrista_moorei,Chamaecrista_moorei
Chamaecrista_mucronata,Chamaecrista_mucronata,Chamaecrista_mucronata
Chamaecrista_multinervia,Chamaecrista_multinervia,Chamaecrista_multinervia
Chamaecrista_cipoana,Chamaecrista_multipennis,Chamaecrista_multipennis
Chamaecrista_multiseta,Chamaecrista_multiseta,Chamaecrista_multiseta
Chamaecrista_mwangokae,Chamaecrista_mwangokae,Chamaecrista_mwangokae
Chamaecrista_myrophenges,Chamaecrista_myrophenges,Chamaecrista_myrophenges
Chamaecrista_nana,Chamaecrista_nana,Chamaecrista_nana
Chamaecrista_nanodes,Chamaecrista_nanodes,Chamaecrista_nanodes
Chamaecrista_neesiana,Chamaecrista_neesiana,Chamaecrista_neesiana
Chamaecrista_neesiana_var_goyazensis,Chamaecrista_neesiana_var_goyazensis,Chamaecrista_neesiana
Chamaecrista_neesiana_var_laxiracemosa,Chamaecrista_neesiana_var_laxiracemosa,Chamaecrista_neesiana
Chamaecrista_neesiana_var_neesiana,Chamaecrista_neesiana_var_neesiana,Chamaecrista_neesiana
Chamaecrista_neesiana_var_subnitida,Chamaecrista_neesiana_var_subnitida,Chamaecrista_neesiana
Chamaecrista_negrensis,Chamaecrista_negrensis,Chamaecrista_negrensis
Chamaecrista_negrensis_var_albuquerquei,Chamaecrista_negrensis_var_albuquerquei,Chamaecrista_negrensis
Chamaecrista_negrensis_var_negrensis,Chamaecrista_negrensis_var_negrensis,Chamaecrista_negrensis
Chamaecrista_newtonii,Chamaecrista_newtonii,Chamaecrista_newtonii
Chamaecrista_nictitans,Chamaecrista_nictitans,Chamaecrista_nictitans
Chamaecrista_nictitans_subsp_brachypoda,Chamaecrista_nictitans_subsp_brachypoda,Chamaecrista_nictitans
Chamaecrista_nictitans_var_disadena,Chamaecrista_nictitans_subsp_disadena,Chamaecrista_nictitans
Chamaecrista_chiriquensis_,Chamaecrista_nictitans_subsp_disadena,Chamaecrista_nictitans
Chamaecrista_seleri,Chamaecrista_nictitans_subsp_disadena,Chamaecrista_nictitans
Chamaecrista_stenocarpa,Chamaecrista_nictitans_subsp_disadena,Chamaecrista_nictitans
Chamaecrista_nictitans_subsp_nictitans,Chamaecrista_nictitans_subsp_nictitans,Chamaecrista_nictitans
Chamaecrista_aspera_var_mohrii,Chamaecrista_nictitans_subsp_nictitans,Chamaecrista_nictitans
Chamaecrista_commixta,Chamaecrista_nictitans_subsp_nictitans,Chamaecrista_nictitans
Chamaecrista_mohrii,Chamaecrista_nictitans_subsp_nictitans,Chamaecrista_nictitans
Chamaecrista_multipinnata,Chamaecrista_nictitans_subsp_nictitans,Chamaecrista_nictitans
Chamaecrista_nictitans_var_commixta,Chamaecrista_nictitans_subsp_nictitans,Chamaecrista_nictitans
Chamaecrista_nictitans_var_hebecarpa,Chamaecrista_nictitans_subsp_nictitans,Chamaecrista_nictitans
Chamaecrista_nictitans_var_leiocarpa,Chamaecrista_nictitans_subsp_nictitans,Chamaecrista_nictitans
Chamaecrista_procumbens,Chamaecrista_nictitans_subsp_nictitans,Chamaecrista_nictitans
Chamaecrista_nictitans_subsp_patellaria,Chamaecrista_nictitans_subsp_patellaria,Chamaecrista_nictitans
Chamaecrista_nelsonii_,Chamaecrista_nictitans_subsp_patellaria,Chamaecrista_nictitans
Chamaecrista_nictitans_var_patellaria,Chamaecrista_nictitans_subsp_patellaria,Chamaecrista_nictitans
Chamaecrista_nictitans_var_ramosa,Chamaecrista_nictitans_subsp_patellaria,Chamaecrista_nictitans
Chamaecrista_patellaria,Chamaecrista_nictitans_subsp_patellaria,Chamaecrista_nictitans
Chamaecrista_villosissima,Chamaecrista_nictitans_subsp_patellaria,Chamaecrista_nictitans
Chamaecrista_nictitans_var_aspera,Chamaecrista_nictitans_var_aspera,Chamaecrista_nictitans
Chamaecrista_aspera,Chamaecrista_nictitans_var_aspera,Chamaecrista_nictitans
Chamaecrista_confusa,Chamaecrista_nictitans_var_aspera,Chamaecrista_nictitans
Chamaecrista_simpsoniir,Chamaecrista_nictitans_var_aspera,Chamaecrista_nictitans
Chamaecrista_nictitans_var_brevicarpellata,Chamaecrista_nictitans_var_brevicarpellata,Chamaecrista_nictitans
Chamaecrista_nictitans_var_diffusa,Chamaecrista_nictitans_var_diffusa,Chamaecrista_nictitans
Chamaecrista_brachycarpa,Chamaecrista_nictitans_var_diffusa,Chamaecrista_nictitans
Chamaecrista_diffusa,Chamaecrista_nictitans_var_diffusa,Chamaecrista_nictitans
Chamaecrista_exunguis,Chamaecrista_nictitans_var_diffusa,Chamaecrista_nictitans
Chamaecrista_nictitans_var_glabrata,Chamaecrista_nictitans_var_glabrata,Chamaecrista_nictitans
Chamaecrista_aeschinomene,Chamaecrista_nictitans_var_glabrata,Chamaecrista_nictitans
Chamaecrista_dussii,Chamaecrista_nictitans_var_glabrata,Chamaecrista_nictitans
Chamaecrista_fasciata,Chamaecrista_nictitans_var_glabrata,Chamaecrista_nictitans
Chamaecrista_glaberrima,Chamaecrista_nictitans_var_glabrata,Chamaecrista_nictitans
Chamaecrista_martinicensis,Chamaecrista_nictitans_var_glabrata,Chamaecrista_nictitans
Chamaecrista_millspaughiiex,Chamaecrista_nictitans_var_glabrata,Chamaecrista_nictitans
Chamaecrista_nictitans_var_aeschinomene,Chamaecrista_nictitans_var_glabrata,Chamaecrista_nictitans
Chamaecrista_nictitans_var_fasciata,Chamaecrista_nictitans_var_glabrata,Chamaecrista_nictitans
Chamaecrista_nictitans_var_glaberrima,Chamaecrista_nictitans_var_glabrata,Chamaecrista_nictitans
Chamaecrista_rovirosana,Chamaecrista_nictitans_var_glabrata,Chamaecrista_nictitans
Chamaecrista_smaragdina,Chamaecrista_nictitans_var_glabrata,Chamaecrista_nictitans
Chamaecrista_tabascoensis,Chamaecrista_nictitans_var_glabrata,Chamaecrista_nictitans
Chamaecrista_nictitans_var_jaliscensis,Chamaecrista_nictitans_var_jaliscensis,Chamaecrista_nictitans
Chamaecrista_leptadenia_var_jaliscensis,Chamaecrista_nictitans_var_jaliscensis,Chamaecrista_nictitans
Chamaecrista_longicoma_,Chamaecrista_nictitans_var_jaliscensis,Chamaecrista_nictitans
Chamaecrista_nicoyana,Chamaecrista_nictitans_var_jaliscensis,Chamaecrista_nictitans
Chamaecrista_riparia,Chamaecrista_nictitans_var_jaliscensis,Chamaecrista_nictitans
Chamaecrista_wilsonii,Chamaecrista_nictitans_var_jaliscensis,Chamaecrista_nictitans
Chamaecrista_nictitans_var_leptadenia,Chamaecrista_nictitans_var_leptadenia,Chamaecrista_nictitans
Chamaecrista_nictitans_var_mensalis,Chamaecrista_nictitans_var_leptadenia,Chamaecrista_nictitans
Chamaecrista_nictitans_var_paraguariensis,Chamaecrista_nictitans_var_paraguariensis,Chamaecrista_nictitans
Chamaecrista_browniana_,Chamaecrista_nictitans_var_paraguariensis,Chamaecrista_nictitans
Chamaecrista_simplex,Chamaecrista_nictitans_var_paraguariensis,Chamaecrista_nictitans
Chamaecrista_nictitans_var_pilosa,Chamaecrista_nictitans_var_pilosa,Chamaecrista_nictitans
Chamaecrista_comayaguana_,Chamaecrista_nictitans_var_pilosa,Chamaecrista_nictitans
Chamaecrista_conzattii_,Chamaecrista_nictitans_var_pilosa,Chamaecrista_nictitans
Chamaecrista_fenixensis_,Chamaecrista_nictitans_var_pilosa,Chamaecrista_nictitans
Chamaecrista_rekoi_,Chamaecrista_nictitans_var_pilosa,Chamaecrista_nictitans
Chamaecrista_riparia_var_pilosa,Chamaecrista_nictitans_var_pilosa,Chamaecrista_nictitans
Chamaecrista_salvadorensis,Chamaecrista_nictitans_var_pilosa,Chamaecrista_nictitans
Chamaecrista_stenocarpoides,Chamaecrista_nictitans_var_pilosa,Chamaecrista_nictitans
Chamaecrista_tonduzii,Chamaecrista_nictitans_var_pilosa,Chamaecrista_nictitans
Chamaecrista_nictitans_var_praetexta,Chamaecrista_nictitans_var_praetexta,Chamaecrista_nictitans
Chamaecrista_lucesiae,Chamaecrista_nictitans_var_praetexta,Chamaecrista_nictitans
Chamaecrista_nigricans,Chamaecrista_nigricans,Chamaecrista_nigricans
Chamaecrista_harneyi,Chamaecrista_nigricans,Chamaecrista_nigricans
Chamaecrista_nilgirica,Chamaecrista_nilgirica,Chamaecrista_nilgirica
Chamaecrista_nomame,Chamaecrista_nomame,Chamaecrista_nomame
Chamaecrista_nomame_var_grandiflora,Chamaecrista_nomame_var_grandiflora,Chamaecrista_nomame
Chamaecrista_nomame_var_nomame,Chamaecrista_nomame_var_nomame,Chamaecrista_nomame
Chamaecrista_dimidiata,Chamaecrista_nomame_var_nomame,Chamaecrista_nomame
Chamaecrista_nuda,Chamaecrista_nuda,Chamaecrista_nuda
Chamaecrista_nummulariifolia,Chamaecrista_nummulariifolia,Chamaecrista_nummulariifolia
Chamaecrista_obcordata,Chamaecrista_obcordata,Chamaecrista_obcordata
Chamaecrista_obolaria,Chamaecrista_obolaria,Chamaecrista_obolaria
Chamaecrista_chaetostegia_var_obolaria,Chamaecrista_obolaria,Chamaecrista_obolaria
Chamaecrista_obtecta,Chamaecrista_obtecta,Chamaecrista_obtecta
Chamaecrista_ochnacea,Chamaecrista_ochnacea,Chamaecrista_ochnacea
Chamaecrista_ochnacea_var_latifolia,Chamaecrista_ochnacea_var_latifolia,Chamaecrista_ochnacea
Chamaecrista_ochnacea_var_mollis,Chamaecrista_ochnacea_var_mollis,Chamaecrista_ochnacea
Chamaecrista_ochnacea_var_ochnacea,Chamaecrista_ochnacea_var_ochnacea,Chamaecrista_ochnacea
Chamaecrista_ochnacea_var_purpurascens,Chamaecrista_ochnacea_var_purpurascens,Chamaecrista_ochnacea
Chamaecrista_ochnacea_var_speluncae,Chamaecrista_ochnacea_var_speluncae,Chamaecrista_ochnacea
Chamaecrista_ochrosperma,Chamaecrista_ochrosperma,Chamaecrista_ochrosperma
Chamaecrista_olesiphylla,Chamaecrista_olesiphylla,Chamaecrista_olesiphylla
Chamaecrista_oligandra,Chamaecrista_oligandra,Chamaecrista_oligandra
Chamaecrista_oligosperma,Chamaecrista_oligosperma,Chamaecrista_oligosperma
Chamaecrista_onusta,Chamaecrista_onusta,Chamaecrista_onusta
Chamaecrista_oppositifolia,Chamaecrista_oppositifolia,Chamaecrista_oppositifolia
Chamaecrista_orbiculata,Chamaecrista_orbiculata,Chamaecrista_orbiculata
Chamaecrista_orenocensis,Chamaecrista_orenocensis,Chamaecrista_orenocensis
Chamaecrista_pachyclada,Chamaecrista_pachyclada,Chamaecrista_pachyclada
Chamaecrista_paniculata,Chamaecrista_paniculata,Chamaecrista_paniculata
Chamaecrista_paralias,Chamaecrista_paralias,Chamaecrista_paralias
Chamaecrista_paraunana,Chamaecrista_paraunana,Chamaecrista_paraunana
Chamaecrista_parva,Chamaecrista_parva,Chamaecrista_parva
Chamaecrista_parvistipula,Chamaecrista_parvistipula,Chamaecrista_parvistipula
Chamaecrista_pascuorum,Chamaecrista_pascuorum,Chamaecrista_pascuorum
Chamaecrista_pauciflora,Chamaecrista_pauciflora,Chamaecrista_pauciflora
Chamaecrista_pedemontana,Chamaecrista_pedemontana,Chamaecrista_pedemontana
Chamaecrista_pedicellaris,Chamaecrista_pedicellaris,Chamaecrista_pedicellaris
Chamaecrista_pedicellaris_var_adenosperma,Chamaecrista_pedicellaris_var_adenosperma,Chamaecrista_pedicellaris
Chamaecrista_adenosperma,Chamaecrista_pedicellaris_var_adenosperma,Chamaecrista_pedicellaris
Chamaecrista_pedicellaris_var_pedicellaris,Chamaecrista_pedicellaris_var_pedicellaris,Chamaecrista_pedicellaris
Chamaecrista_buchii,Chamaecrista_pedicellaris_var_pedicellaris,Chamaecrista_pedicellaris
Chamaecrista_enneryana,Chamaecrista_pedicellaris_var_pedicellaris,Chamaecrista_pedicellaris
Chamaecrista_haitiensis,Chamaecrista_pedicellaris_var_pedicellaris,Chamaecrista_pedicellaris
Chamaecrista_leonardae,Chamaecrista_pedicellaris_var_pedicellaris,Chamaecrista_pedicellaris
Chamaecrista_pedicellaris_subsp_holguinensis,Chamaecrista_pedicellaris_var_pedicellaris,Chamaecrista_pedicellaris
Chamaecrista_pedicellaris_subsp_strigillosa,Chamaecrista_pedicellaris_var_pedicellaris,Chamaecrista_pedicellaris
Chamaecrista_pedicellaris_var_holguinensis,Chamaecrista_pedicellaris_var_pedicellaris,Chamaecrista_pedicellaris
Chamaecrista_pedicellaris_var_strigillosa,Chamaecrista_pedicellaris_var_pedicellaris,Chamaecrista_pedicellaris
Chamaecrista_strigillosa,Chamaecrista_pedicellaris_var_pedicellaris,Chamaecrista_pedicellaris
Chamaecrista_petiolata,Chamaecrista_petiolata,Chamaecrista_petiolata
Chamaecrista_philippii,Chamaecrista_philippii,Chamaecrista_philippii
Chamaecrista_phyllostachya,Chamaecrista_phyllostachya,Chamaecrista_phyllostachya
Chamaecrista_pilicarpa,Chamaecrista_pilicarpa,Chamaecrista_pilicarpa
Chamaecrista_pilosa,Chamaecrista_pilosa,Chamaecrista_pilosa
Chamaecrista_pilosa_var_luxurians,Chamaecrista_pilosa_var_luxurians,Chamaecrista_pilosa
Chamaecrista_pilosa_var_pilosa,Chamaecrista_pilosa_var_pilosa,Chamaecrista_pilosa
Chamaecrista_macropoda,Chamaecrista_pilosa_var_pilosa,Chamaecrista_pilosa
Chamaecrista_planaltoana,Chamaecrista_planaltoana,Chamaecrista_planaltoana
Chamaecrista_planifolia,Chamaecrista_planifolia,Chamaecrista_planifolia
Chamaecrista_plumosa,Chamaecrista_plumosa,Chamaecrista_plumosa
Chamaecrista_plumosa_var_erecta,Chamaecrista_plumosa_var_erecta,Chamaecrista_plumosa
Chamaecrista_plumosa_var_plumosa,Chamaecrista_plumosa_var_plumosa,Chamaecrista_plumosa
Chamaecrista_pohliana,Chamaecrista_pohliana,Chamaecrista_pohliana
Chamaecrista_polita,Chamaecrista_polita,Chamaecrista_polita
Chamaecrista_polymorpha,Chamaecrista_polymorpha,Chamaecrista_polymorpha
Chamaecrista_polystachya,Chamaecrista_polystachya,Chamaecrista_polystachya
Chamaecrista_polytricha,Chamaecrista_polytricha,Chamaecrista_polytricha
Chamaecrista_polytricha_var_pauciflora,Chamaecrista_polytricha_var_pauciflora,Chamaecrista_polytricha
Chamaecrista_polytricha_var_polytricha,Chamaecrista_polytricha_var_polytricha,Chamaecrista_polytricha
Chamaecrista_polytricha_var_pulchella,Chamaecrista_polytricha_var_pulchella,Chamaecrista_polytricha
Chamaecrista_portoricensis,Chamaecrista_portoricensis,Chamaecrista_portoricensis
Chamaecrista_portoricensis_var_atlantica,Chamaecrista_portoricensis_var_atlantica,Chamaecrista_portoricensis
Chamaecrista_portoricensis_var_portoricensis,Chamaecrista_portoricensis_var_portoricensis,Chamaecrista_portoricensis
Chamaecrista_portoricensis_var_callosa,Chamaecrista_portoricensis_var_portoricensis,Chamaecrista_portoricensis
Chamaecrista_tuerckheimii,Chamaecrista_portoricensis_var_portoricensis,Chamaecrista_portoricensis
Chamaecrista_potentilla,Chamaecrista_potentilla,Chamaecrista_potentilla
Chamaecrista_potentilla_var_specuum,Chamaecrista_potentilla,Chamaecrista_potentilla
Chamaecrista_pratensis,Chamaecrista_pratensis,Chamaecrista_pratensis
Chamaecrista_psoraleopsis,Chamaecrista_psoraleopsis,Chamaecrista_psoraleopsis
Chamaecrista_pteropoda,Chamaecrista_pteropoda,Chamaecrista_pteropoda
Chamaecrista_puccioniana,Chamaecrista_puccioniana,Chamaecrista_puccioniana
Chamaecrista_pumila,Chamaecrista_pumila,Chamaecrista_pumila
Chamaecrista_punctata,Chamaecrista_punctata,Chamaecrista_punctata
Chamaecrista_punctulata,Chamaecrista_punctulata,Chamaecrista_punctulata
Chamaecrista_punctulifera,Chamaecrista_punctulifera,Chamaecrista_punctulifera
Chamaecrista_pygmaea,Chamaecrista_pygmaea,Chamaecrista_pygmaea
Chamaecrista_pygmaea_var_diffusissima,Chamaecrista_pygmaea_var_diffusissima,Chamaecrista_pygmaea
Chamaecrista_diffusissima,Chamaecrista_pygmaea_var_diffusissima,Chamaecrista_pygmaea
Chamaecrista_pygmaea_var_pinosensis,Chamaecrista_pygmaea_var_pinosensis,Chamaecrista_pygmaea
Chamaecrista_pygmaea_var_pygmaea,Chamaecrista_pygmaea_var_pygmaea,Chamaecrista_pygmaea
Chamaecrista_micrantha,Chamaecrista_pygmaea_var_pygmaea,Chamaecrista_pygmaea
Chamaecrista_pygmaea_var_roigii,Chamaecrista_pygmaea_var_pygmaea,Chamaecrista_pygmaea
Chamaecrista_roigii,Chamaecrista_pygmaea_var_pygmaea,Chamaecrista_pygmaea
Chamaecrista_savannarum,Chamaecrista_pygmaea_var_savannarum,Chamaecrista_pygmaea
Chamaecrista_ramosa,Chamaecrista_ramosa,Chamaecrista_ramosa
Chamaecrista_ramosa_var_curvifolia,Chamaecrista_ramosa_var_curvifolia,Chamaecrista_ramosa
Chamaecrista_ramosa_var_mollissima,Chamaecrista_ramosa_var_curvifolia,Chamaecrista_ramosa
Chamaecrista_curvifolia,Chamaecrista_ramosa_var_curvifolia,Chamaecrista_ramosa
_Chamaecrista_curvifolia_var_mollissima,Chamaecrista_ramosa_var_curvifolia,Chamaecrista_ramosa
Chamaecrista_ramosa_var_erythrocalyx,Chamaecrista_ramosa_var_erythrocalyx,Chamaecrista_ramosa
Chamaecrista_curvifolia_var_lucida,Chamaecrista_ramosa_var_lucida,Chamaecrista_ramosa
Chamaecrista_ramosa_var_parvifoliola,Chamaecrista_ramosa_var_parvifoliola,Chamaecrista_ramosa
Chamaecrista_ramosa_var_ramosa,Chamaecrista_ramosa_var_ramosa,Chamaecrista_ramosa
Chamaecrista_cinerea,Chamaecrista_ramosa_var_ramosa,Chamaecrista_ramosa
Chamaecrista_ramulosa,Chamaecrista_ramosa_var_ramosa,Chamaecrista_ramosa
Chamaecrista_ramosa_var_ventuarensis,Chamaecrista_ramosa_var_ventuarensis,Chamaecrista_ramosa
Chamaecrista_reducta,Chamaecrista_reducta,Chamaecrista_reducta
Chamaecrista_repens,Chamaecrista_repens,Chamaecrista_repens
Chamaecrista_repens_var_multijuga,Chamaecrista_repens_var_multijuga,Chamaecrista_repens
Chamaecrista_repens_var_repens,Chamaecrista_repens_var_repens,Chamaecrista_repens
Chamaecrista_rigidifolia,Chamaecrista_rigidifolia,Chamaecrista_rigidifolia
Chamaecrista_robynsiana,Chamaecrista_robynsiana,Chamaecrista_robynsiana
Chamaecrista_roncadorensis,Chamaecrista_roncadorensis,Chamaecrista_roncadorensis
Chamaecrista_roraimae,Chamaecrista_roraimae,Chamaecrista_roraimae
Chamaecrista_rossicorum,Chamaecrista_rossicorum,Chamaecrista_rossicorum
Chamaecrista_choriophylla_var_rossicorum,Chamaecrista_rossicorum,Chamaecrista_rossicorum
Chamaecrista_rotundata,Chamaecrista_rotundata,Chamaecrista_rotundata
Chamaecrista_rotundata_var_interstes,Chamaecrista_rotundata_var_interstes,Chamaecrista_rotundata
Chamaecrista_rotundata_var_rotundata,Chamaecrista_rotundata_var_rotundata,Chamaecrista_rotundata
Chamaecrista_rotundata_var_grandistipula,Chamaecrista_rotundata_var_rotundata,Chamaecrista_rotundata
Chamaecrista_rotundifolia,Chamaecrista_rotundifolia,Chamaecrista_rotundifolia
Chamaecrista_rotundifolia_var_grandiflora,Chamaecrista_rotundifolia_var_grandiflora,Chamaecrista_rotundifolia
Chamaecrista_bauhiniifolia,Chamaecrista_rotundifolia_var_grandiflora,Chamaecrista_rotundifolia
Chamaecrista_rotundifolia_var_rotundifolia,Chamaecrista_rotundifolia_var_rotundifolia,Chamaecrista_rotundifolia
Chamaecrista_bifoliolata,Chamaecrista_rotundifolia_var_rotundifolia,Chamaecrista_rotundifolia
Chamaecrista_rufa,Chamaecrista_rufa,Chamaecrista_rufa
Chamaecrista_rufa_var_exsul,Chamaecrista_rufa_var_exsul,Chamaecrista_rufa
Chamaecrista_rufa_var_polyphlebia,Chamaecrista_rufa_var_polyphlebia,Chamaecrista_rufa
Chamaecrista_rufa_var_rufa,Chamaecrista_rufa_var_rufa,Chamaecrista_rufa
Chamaecrista_jalapensis,Chamaecrista_rufa_var_rufa,Chamaecrista_rufa
Chamaecrista_rugosula,Chamaecrista_rugosula,Chamaecrista_rugosula
Chamaecrista_rupertiana,Chamaecrista_rupertiana,Chamaecrista_rupertiana
Chamaecrista_rupestrium,Chamaecrista_rupestrium,Chamaecrista_rupestrium
Chamaecrista_salvatoris,Chamaecrista_salvatoris,Chamaecrista_salvatoris
Chamaecrista_scabra,Chamaecrista_scabra,Chamaecrista_scabra
Chamaecrista_schmitzii,Chamaecrista_schmitzii,Chamaecrista_schmitzii
Chamaecrista_scleroxylon,Chamaecrista_scleroxylon,Chamaecrista_scleroxylon
Chamaecrista_secunda,Chamaecrista_secunda,Chamaecrista_secunda
Chamaecrista_semaphora,Chamaecrista_semaphora,Chamaecrista_semaphora
Chamaecrista_sempreviva,Chamaecrista_sempreviva,Chamaecrista_sempreviva
Chamaecrista_serpens,Chamaecrista_serpens,Chamaecrista_serpens
Chamaecrista_serpens_var_delicata,Chamaecrista_serpens_var_delicata,Chamaecrista_serpens
Chamaecrista_delicata,Chamaecrista_serpens_var_delicata,Chamaecrista_serpens
Chamaecrista_serpens_var_grandiflora,Chamaecrista_serpens_var_grandiflora,Chamaecrista_serpens
Chamaecrista_tenella,Chamaecrista_serpens_var_grandiflora,Chamaecrista_serpens
Chamaecrista_serpens_var_isthmogenes,Chamaecrista_serpens_var_isthmogenes,Chamaecrista_serpens
Chamaecrista_serpens_var_mensarum,Chamaecrista_serpens_var_mensarum,Chamaecrista_serpens
Chamaecrista_serpens_var_oaxacana,Chamaecrista_serpens_var_oaxacana,Chamaecrista_serpens
Chamaecrista_serpens_var_serpens,Chamaecrista_serpens_var_serpens,Chamaecrista_serpens
Chamaecrista_serpens_var_wrightii,Chamaecrista_serpens_var_wrightii,Chamaecrista_serpens
Chamaecrista_alamosensis_,Chamaecrista_serpens_var_wrightii,Chamaecrista_serpens
Chamaecrista_chiapensis_,Chamaecrista_serpens_var_wrightii,Chamaecrista_serpens
Chamaecrista_mazatlensis,Chamaecrista_serpens_var_wrightii,Chamaecrista_serpens
Chamaecrista_mexiae,Chamaecrista_serpens_var_wrightii,Chamaecrista_serpens
Chamaecrista_ortegae,Chamaecrista_serpens_var_wrightii,Chamaecrista_serpens
Chamaecrista_palmeri,Chamaecrista_serpens_var_wrightii,Chamaecrista_serpens
Chamaecrista_wrightii,Chamaecrista_serpens_var_wrightii,Chamaecrista_serpens
Chamaecrista_seticrenata,Chamaecrista_seticrenata,Chamaecrista_seticrenata
Chamaecrista_setosa,Chamaecrista_setosa,Chamaecrista_setosa
Chamaecrista_setosa_var_paucivenia,Chamaecrista_setosa,Chamaecrista_setosa
Chamaecrista_setosa_var_subsetosa,Chamaecrista_setosa,Chamaecrista_setosa
Chamaecrista_simplifacta,Chamaecrista_simplifacta,Chamaecrista_simplifacta
Chamaecrista_sincorana,Chamaecrista_sincorana,Chamaecrista_sincorana
Chamaecrista_sophoroides,Chamaecrista_sophoroides,Chamaecrista_sophoroides
Chamaecrista_souzana,Chamaecrista_souzana,Chamaecrista_souzana
Chamaecrista_sparsifolia,Chamaecrista_sparsifolia,Chamaecrista_sparsifolia
Chamaecrista_speciosa,Chamaecrista_speciosa,Chamaecrista_speciosa
Chamaecrista_spinulosa,Chamaecrista_spinulosa,Chamaecrista_spinulosa
Chamaecrista_spodiotricha,Chamaecrista_spodiotricha,Chamaecrista_spodiotricha
Chamaecrista_stillifera,Chamaecrista_stillifera,Chamaecrista_stillifera
Chamaecrista_stricta,Chamaecrista_stricta,Chamaecrista_stricta
Chamaecrista_strictifolia,Chamaecrista_strictifolia,Chamaecrista_strictifolia
Chamaecrista_strictula,Chamaecrista_strictula,Chamaecrista_strictula
Chamaecrista_subdecrescens,Chamaecrista_subdecrescens,Chamaecrista_subdecrescens
Chamaecrista_subpeltata,Chamaecrista_subpeltata,Chamaecrista_subpeltata
Chamaecrista_supplex,Chamaecrista_supplex,Chamaecrista_supplex
Chamaecrista_swainsonii,Chamaecrista_swainsonii,Chamaecrista_swainsonii
Chamaecrista_symonii,Chamaecrista_symonii,Chamaecrista_symonii
Chamaecrista_takhtajanii,Chamaecrista_takhtajanii,Chamaecrista_takhtajanii
Chamaecrista_telfairiana,Chamaecrista_telfairiana,Chamaecrista_telfairiana
Chamaecrista_tenuicaulis,Chamaecrista_tenuicaulis,Chamaecrista_tenuicaulis
Chamaecrista_tenuisepala,Chamaecrista_tenuisepala,Chamaecrista_tenuisepala
Chamaecrista_tephrosiifolia,Chamaecrista_tephrosiifolia,Chamaecrista_tephrosiifolia
Chamaecrista_tocantinensis,Chamaecrista_tocantinensis,Chamaecrista_tocantinensis
Chamaecrista_trachycarpa,Chamaecrista_trachycarpa,Chamaecrista_trachycarpa
Chamaecrista_trachycarpa_var_acutifolia,Chamaecrista_trachycarpa_var_acutifolia,Chamaecrista_trachycarpa
Chamaecrista_trachycarpa_var_trachycarpa,Chamaecrista_trachycarpa_var_trachycarpa,Chamaecrista_trachycarpa
Chamaecrista_tragacanthoides,Chamaecrista_tragacanthoides,Chamaecrista_tragacanthoides
Chamaecrista_tragacanthoides_var_rasa,Chamaecrista_tragacanthoides_var_rasa,Chamaecrista_tragacanthoides
Chamaecrista_tragacanthoides_var_tragacanthoides,Chamaecrista_tragacanthoides_var_tragacanthoides,Chamaecrista_tragacanthoides
Chamaecrista_trichopoda,Chamaecrista_trichopoda,Chamaecrista_trichopoda
Chamaecrista_orbiculata_var_trichothyrsus,Chamaecrista_trichothyrsus,Chamaecrista_trichothyrsus
Chamaecrista_truncata,Chamaecrista_truncata,Chamaecrista_truncata
Chamaecrista_ulmea,Chamaecrista_ulmea,Chamaecrista_ulmea
Chamaecrista_unijuga,Chamaecrista_unijuga,Chamaecrista_unijuga
Chamaecrista_cytisoides_var_unijuga,Chamaecrista_unijuga,Chamaecrista_unijuga
Chamaecrista_urophyllidia,Chamaecrista_urophyllidia,Chamaecrista_urophyllidia
Chamaecrista_ursina,Chamaecrista_ursina,Chamaecrista_ursina
Chamaecrista_usambarensis,Chamaecrista_usambarensis,Chamaecrista_usambarensis
Chamaecrista_orbiculata_var_ustulata,Chamaecrista_ustulata,Chamaecrista_ustulata
Chamaecrista_vauthieri,Chamaecrista_vauthieri,Chamaecrista_vauthieri
Chamaecrista_rigidifolia_var_veadeirana,Chamaecrista_veadeirana,Chamaecrista_veadeirana
Chamaecrista_venatoria,Chamaecrista_venatoria,Chamaecrista_venatoria
Chamaecrista_venturiana,Chamaecrista_venturiana,Chamaecrista_venturiana
Chamaecrista_venulosa,Chamaecrista_venulosa,Chamaecrista_venulosa
Chamaecrista_verruculosa,Chamaecrista_verruculosa,Chamaecrista_verruculosa
Chamaecrista_vestita,Chamaecrista_vestita,Chamaecrista_vestita
Chamaecrista_virginis,Chamaecrista_virginis,Chamaecrista_virginis
Chamaecrista_viscosa,Chamaecrista_viscosa,Chamaecrista_viscosa
Chamaecrista_viscosa_var_paraguayensis,Chamaecrista_viscosa,Chamaecrista_viscosa
Chamaecrista_viscosa_var_viscosa,Chamaecrista_viscosa,Chamaecrista_viscosa
Chamaecrista_wallichiana,Chamaecrista_wallichiana,Chamaecrista_wallichiana
Chamaecrista_wittei,Chamaecrista_wittei,Chamaecrista_wittei
Chamaecrista_x_blanchetiformis,Chamaecrista_x_blanchetiformis,Chamaecrista_x_blanchetiformis
Chamaecrista_x_patyensis,Chamaecrista_x_patyensis,Chamaecrista_x_patyensis
Chamaecrista_xanthadena,Chamaecrista_xanthadena,Chamaecrista_xanthadena
Chamaecrista_xinguensis,Chamaecrista_xinguensis,Chamaecrista_xinguensis
Chamaecrista_zambesica,Chamaecrista_zambesica,Chamaecrista_zambesica
Chamaecrista_zygophylloides,Chamaecrista_zygophylloides,Chamaecrista_zygophylloides
Chamaecrista_zygophylloides_var_caribaea,Chamaecrista_zygophylloides_var_caribaea,Chamaecrista_zygophylloides
Chamaecrista_zygophylloides_var_colligans,Chamaecrista_zygophylloides_var_colligans,Chamaecrista_zygophylloides
Chamaecrista_zygophylloides_var_deamii,Chamaecrista_zygophylloides_var_deamii,Chamaecrista_zygophylloides
Chamaecrista_zygophylloides_var_zygophylloides,Chamaecrista_zygophylloides_var_zygophylloides,Chamaecrista_zygophylloides
